freq (MHz);s11 (dB);real Z_in (Ohm); imag Z_in (Ohm)
1500;-0.4494863139758702;7.690602841832952;110.9750728308549
1504;-0.4524636114319759;7.820724237024667;111.6501863529886
1508;-0.4554405716082615;7.953297140043092;112.3329653272799
1512;-0.4584179045347027;8.088406942855801;113.0236368541001
1516;-0.4613966824648291;8.226149071123617;113.7224353313484
1520;-0.4643783434898723;8.366629490928542;114.4296020982067
1524;-0.4673646921148266;8.509965183594684;115.1453850566537
1528;-0.4703578968237911;8.656284587119259;115.87003827484
1532;-0.4733604846919077;8.805728003208497;116.6038215765893
1536;-0.476375333126663;8.958447969332704;117.3470001213996
1540;-0.4794056588502829;9.114609595725961;118.099843979386
1544;-0.4824550042587935;9.274390867700387;118.8626277056174
1548;-0.4855272213168065;9.437982914110529;119.6356299182775
1552;-0.4886264531698354;9.605590243287088;120.4191328850248
1556;-0.4917571136736878;9.777430948174228;121.2134221218026
1560;-0.4949238650590906;9.953736882873974;122.0187860082323
1564;-0.4981315939628566;10.13475381319167;122.8355154235304
1568;-0.5013853860698729;10.32074154420054;123.663903406702
1572;-0.5046904996184796;10.51197402821119;124.5042448445353
1576;-0.5080523380287036;10.70873945690022;125.3568361906572
1580;-0.5114764219166765;10.91134034170534;126.2219752186721
1584;-0.5149683607591737;11.12009358690725;127.0999608120727
1588;-0.5185338244711759;11.33533056014582;127.9910927933714
1592;-0.5221785151546803;11.55739716539094;128.8956717945224
1596;-0.5259081392719673;11.78665392370896;129.8139991704352
1600;-0.5297283804861259;12.02347606738808;130.7463769570091
1604;-0.5336448734029966;12.26825365329562;131.6931078747788
1608;-0.5376631784353954;12.52139170157499;132.6544953789193
1612;-0.5417887579962301;12.78331036603283;133.6308437559577
1616;-0.5460269542128111;13.05444514284652;134.6224582671865
1620;-0.5503829683369065;13.33524712444103;135.6296453383461
1624;-0.5548618420085267;13.62618330566192;136.6527127947456
1628;-0.5594684405117337;13.92773694959358;137.6919701405352
1632;-0.5642074381430402;14.24040802066008;138.7477288803921
1636;-0.5690833057918645;14.5647136928672;139.8203028813859
1640;-0.5741003008140139;14.90118894133726;140.9100087722591
1644;-0.5792624592578564;15.2503872255219;142.0171663768198
1648;-0.5845735904836656;15.61288127275929;143.1420991775211
1652;-0.5900372741959136;15.98926397109239;144.2851348046985
1656;-0.5956568598892429;16.38014938053372;145.4466055462076
1660;-0.6014354686887381;16.78617387220947;146.626848871518
1664;-0.6073759975467092;17.2079974050712;147.8262079634866
1668;-0.6134811257397953;17.64630495011097;149.0450322502202
1672;-0.6197533235920488;18.10180807223239;150.2836779284982
1676;-0.6261948633333616;18.57524668016999;151.5425084692788
1680;-0.6328078319857595;19.06739095503292;152.8218950947331
1684;-0.6395941461556094;19.57904346825892;154.1222172151497
1688;-0.6465555685946633;20.11104149990424;155.4438628128287
1692;-0.6536937263807896;20.66425956837221;156.7872287587859
1696;-0.6610101305562035;21.23961218277707;158.1527210467016
1700;-0.6685061970507916;21.83805682923777;159.540754927024
1704;-0.676183268708702;22.46059720247382;160.9517549225378
1708;-0.6840426382280345;23.10828669408115;162.3861547049394
1712;-0.6920855718165754;23.78223214884792;163.8443968100629
1716;-0.7003133333622222;24.48359790043733;165.3269321673613
1720;-0.7087272089119928;25.21361009760847;166.8342194169805
1724;-0.7173285312524368;25.97356133198879;168.3667239853411
1728;-0.7261187043835449;26.76481557814298;169.9249168874595
1732;-0.7350992276793571;27.58881345630551;171.5092732213112
1736;-0.7442717195322137;28.44707782769785;173.1202703163249
1740;-0.7536379402813953;29.34121973167765;174.7583854945314
1744;-0.7631998142341746;30.27294467320345;176.4240933990115
1748;-0.7729594505947952;31.24405926802233;178.11786283992
1752;-0.7829191631270069;32.25647825170498;179.8401531036344
1756;-0.7930814883865666;33.31223185696403;181.5914096652625
1760;-0.8034492023736118;34.41347356164835;183.3720592389204
1764;-0.8140253354680699;35.56248820717681;185.1825040937522
1768;-0.8248131855273979;36.76170048398412;187.023115556541
1772;-0.8358163290420801;38.01368377655281;188.8942266139514
1776;-0.8470386302620176;39.32116935571788;190.7961235188471
1780;-0.8584842482252633;40.68705589992884;192.7290362957336
1784;-0.8701576416397973;42.11441931983993;194.6931280301474
1788;-0.8820635715884707;43.60652285171035;196.6884828156855
1792;-0.8942071020470352;45.16682737433664;198.7150922204311
1796;-0.9065935982256763;46.79900189130765;200.7728401216954
1800;-0.9192287227639446;48.50693410480203;202.861485744396
1804;-0.9321184298289287;50.29474098859968;204.9806447241521
1808;-0.9452689571862199;52.16677924584858;207.129768001295
1812;-0.9586868163313268;54.12765551092275;209.3081183370067
1816;-0.9723787807878301;56.1822361237312;211.5147442276454
1820;-0.9863518726953207;58.33565626845608;213.7484509788608
1824;-1.000613347826447;60.5933282260366;216.0077686875635
1828;-1.015170679187259;62.96094844004617;218.2909168682636
1832;-1.030031539368664;65.44450303793444;220.5957654515259
1836;-1.045203781829226;68.05027138308249;222.9197918777331
1840;-1.060695421300056;70.7848271567222;225.2600340104795
1844;-1.076514613512545;73.65503638168784;227.6130386027932
1848;-1.092669634456718;76.66805170127502;229.9748050684713
1852;-1.109168859384915;79.83130211562417;232.3407243429841
1856;-1.12602074177976;83.15247725460274;234.7055126673958
1860;-1.143233792508693;86.63950513021159;237.0631401987062
1864;-1.160816559388816;90.30052216380567;239.4067544460915
1868;-1.178777607385914;94.14383412532348;241.7285986604008
1872;-1.197125499669921;98.17786645617232;244.0199254708432
1876;-1.215868779746264;102.4111022783578;246.2709062752078
1880;-1.235015954878314;106.852006226454;248.4705371566781
1884;-1.254575481010208;111.5089320843735;250.6065424295632
1888;-1.274555749392759;116.3900120778005;252.6652773169944
1892;-1.294965075106753;121.5030255807724;254.6316317437722
1896;-1.315811687668753;126.8552449612166;256.4889377939293
1900;-1.337103723893889;132.4532563400703;258.218884039477
1904;-1.35884922317906;138.3027532019414;259.8014406941472
1908;-1.381056125357175;144.4083011079846;261.2148003779913
1912;-1.403732271259888;150.7730722644465;262.4353401804881
1916;-1.426885406112088;157.3985494385307;263.4376116554022
1920;-1.450523185866377;164.2841997339046;264.1943663287807
1924;-1.474653186570064;171.4271200875986;264.6766251929007
1928;-1.499282916840844;178.8216580681125;264.8538014128558
1932;-1.524419833510269;186.4590136679782;264.6938859840712
1936;-1.550071360476711;194.3268302975441;264.1637062192059
1940;-1.576244910791438;202.4087860713259;263.2292665596339
1944;-1.602947911983048;210.684199659461;261.8561801315028
1948;-1.630187834606916;219.1276683209199;260.0101975249306
1952;-1.657972223987508;227.7087590380537;257.657836304899
1956;-1.686308735102302;236.3917766523134;254.7671106382471
1960;-1.715205170537264;245.1356351987404;251.308355084777
1964;-1.744669521425155;253.8938598273084;247.2551300981781
1968;-1.77471001125925;262.6147463180012;242.5851893015818
1972;-1.805335142457069;271.2417027864955;237.2814805034471
1976;-1.836553745531598;279.7137933505529;231.3331442537547
1980;-1.86837503071015;287.9664960443984;224.7364662462377
1984;-1.90080864182599;295.9326771227142;217.4957339360016
1988;-1.933864712292532;303.5437713901528;209.6239443233833
1992;-1.967553922957183;310.7311439906558;201.1433098721703
1996;-2.001887561619553;317.4275942248459;192.0855137166493
2000;-2.036877583988833;323.5689477779437;182.4916740602581
2004;-2.072536675846921;329.0956717688681;172.4119908952181
2008;-2.108878316177112;333.9544388104198;161.9050652294598
2012;-2.145916841014772;338.0995631145477;151.0369006747608
2016;-2.183667507773923;341.4942344477726;139.8796178286346
2020;-2.222146559805104;344.1114846645031;128.5099313804034
2024;-2.261371290942605;345.9348361103857;117.0074562692215
2028;-2.301360109805714;346.958600168881;105.4529207622095
2032;-2.34213260362712;347.1878158253898;93.92636977981806
2036;-2.383709601393369;346.6378402221443;82.50544066539317
2040;-2.426113236096662;345.3336236275841;71.26378615538862
2044;-2.469367005914563;343.3087181765356;60.26970655730264
2048;-2.513495834154281;340.6040818009673;49.5850366312696
2052;-2.558526127820691;337.26674527374;39.26431424003855
2056;-2.604485834692782;333.3484112228276;29.35423934273589
2060;-2.651404498820871;328.9040499356692;19.89341499998204
2064;-2.699313314386984;323.9905487979004;10.91234797227827
2068;-2.74824517790303;318.6654615743636;2.433675983445708
2072;-2.798234738755509;312.9858917636236;-5.527417951025361
2076;-2.849318448141689;307.0075321414096;-12.96264672711525
2080;-2.90153460647924;300.7838713233477;-19.86995828285057
2084;-2.954923409410534;294.3655684060738;-26.25281232618763
2088;-3.009526992562731;287.7999888797635;-32.11942982297273
2092;-3.065389475266005;281.1308891762139;-37.482044841659
2096;-3.122557003473747;274.3982333518485;-42.35618235853492
2100;-3.181077792171816;267.6381232892759;-46.75997971189577
2104;-3.241002167606834;260.882823137589;-50.7135639205097
2108;-3.302382609707357;254.1608591727145;-54.23849228232481
2112;-3.365273795116734;247.4971775246543;-57.35725966067939
2116;-3.429732641301038;240.9133440012831;-60.09287267411084
2120;-3.495818352242007;234.4277722978748;-62.46848859453447
2124;-3.56359246627144;228.0559690291017;-64.50711504772015
2128;-3.633118906652049;221.810786117095;-66.23136549823953
2132;-3.704464035559453;215.7026730213086;-67.66326487945163
2136;-3.777696712171954;209.7399230464527;-68.8240994916424
2140;-3.852888355629276;203.9289094858919;-69.73430534164831
2144;-3.930113013679085;198.2743086434238;-70.41338935159243
2148;-4.009447437892166;192.77930783491;-70.87987825353093
2152;-4.090971166393485;187.4457973210288;-71.15129045553334
2156;-4.174766615129409;182.2745457867178;-71.24412667068086
2160;-4.26091917877083;177.2653594872585;-71.17387561232138
2164;-4.349517342440721;172.4172255507121;-70.9550315547736
2168;-4.440652805552729;167.7284401855753;-70.60112102403205
2172;-4.534420619158216;163.1967227126385;-70.12473630920401
2176;-4.630919338323565;158.8193164401063;-69.53757386815491
2180;-4.730251191200209;154.5930774472514;-68.85047603896221
2184;-4.832522266610507;150.5145523476789;-68.07347476336032
2188;-4.937842722154556;146.5800460798017;-67.21583628187688
2192;-5.046327015051975;142.7856807281646;-66.28610597612847
2196;-5.158094158171642;139.1274463218455;-65.2921527155363
2200;-5.27326800397672;135.6012444906929;-64.24121221741743
2204;-5.391977559428219;132.2029257907126;-63.13992905481648
2208;-5.514357335254233;128.9283214395488;-61.99439704914901
2212;-5.640547733412324;125.7732701338498;-60.81019786805258
2216;-5.770695477059395;122.7336405538986;-59.59243771574177
2220;-5.90495408790667;119.8053500981983;-58.34578205629924
2224;-6.043484416493772;116.984380332299;-57.07448835197756
2228;-6.186455231677694;114.2667895823561;-55.7824368307723
2232;-6.334043876524095;111.648723054762;-54.4731593219101
2236;-6.486436998829081;109.1264208186497;-53.14986621596412
2240;-6.643831365721699;106.6962239479105;-51.81547161925195
2244;-6.806434773234371;104.3545790833691;-50.47261678101331
2248;-6.974467063422052;102.0980416436369;-49.1236918774615
2252;-7.148161263616355;99.92327788456529;-47.77085623982207
2256;-7.327764864778543;97.82706598190018;-46.41605711452232
2260;-7.513541258748119;95.80629628931914;-45.06104704320501
2264;-7.705771357567422;93.85797090427802;-43.70739994861369
2268;-7.904755422120656;91.97920265669096;-42.35652600992506
2272;-8.110815132211849;90.16721362017222;-41.00968540802681
2276;-8.324295936110097;88.41933323216064;-39.66800101776236
2280;-8.545569724758209;86.73299609748013;-38.33247012042225
2284;-8.775037884576408;85.10573953960611;-37.00397520588837
2288;-9.013134793491361;83.53520095490673;-35.68329392991063
2292;-9.260331837982129;82.01911501727449;-34.3711082880946
2296;-9.517142045206876;80.55531077370379;-33.06801306435042
2300;-9.784125444493924;79.14170866539568;-31.77452360783201
2304;-10.06189529773613;77.77631750376543;-30.49108298881929
2308;-10.35112536994534;76.45723142619612;-29.21806858056791
2312;-10.65255845127463;75.18262685244882;-27.95579811089372
2316;-10.96701639267837;73.95075945921521;-26.7045352241724
2320;-11.29541198233764;72.75996118733524;-25.46449459152453
2324;-11.6387630734123;71.60863729363427;-24.23584660421507
2328;-11.99820948144457;70.49526345710777;-23.01872168272678
2332;-12.37503330966248;69.41838294726404;-21.81321423156439
2336;-12.77068354298515;68.37660386078345;-20.61938626759363
2340;-13.18680599061859;67.36859643122199;-19.43727074762883
2344;-13.62527997099024;66.39309041527322;-18.26687461902356
2348;-14.08826354469223;65.44887255805293;-17.10818161520725
2352;-14.57824963927759;64.53478413898125;-15.9611548164156
2356;-15.09813610437396;63.64971859908217;-14.82573899429904
2360;-15.65131360867263;62.79261924987674;-13.70186275763351
2364;-16.2417763270799;61.96247706351473;-12.58944051500723
2368;-16.87426144033644;61.15832854333588;-11.48837426910999
2372;-17.55442415380502;60.37925367368667;-10.39855525608333
2376;-18.28905403249474;59.62437394751052;-9.319865442323223
2380;-19.08633274778518;58.89285046998965;-8.252178890128105
2384;-19.95611448556275;58.18388213632061;-7.195363002665789
2388;-20.91015635810905;57.49670388155651;-6.149279657879446
2392;-21.9620788240242;56.8305850003417;-5.113786240170128
2396;-23.12643765090851;56.18482753428428;-4.08873657795824
2400;-24.41521495532113;55.5587647246636;-3.073981794559191
2404;-25.82722307993372;54.95175952814932;-2.06937107918387
2408;-27.31947865710493;54.36320319320396;-1.074752384300864
2412;-28.74233665386775;53.79251389485736;-0.08997305506790414
2416;-29.75587332883669;53.23913542557736;0.8851196039485189
2420;-29.92755870947486;52.7025359400013;1.850677819997629
2424;-29.17315611418283;52.182206751358;2.806852896958863
2428;-27.87014029989607;51.67766117746795;3.753794809775432
2432;-26.4153384831728;51.18843343429629;4.691651844883214
2436;-25.0101610830563;50.71407757510559;5.620570283336654
2440;-23.72146483326387;50.25416647335142;6.540694123622929
2444;-22.5589540885717;49.8082908475519;7.452164841428385
2448;-21.51301911414063;49.37605832646267;8.355121183860977
2452;-20.56930357730391;48.95709255298524;9.249698995857321
2456;-19.71370948653458;48.5510323253408;10.13603107670215
2460;-18.93385871639445;48.15753077414094;11.01424706476594
2464;-18.21931011096046;47.77625457409369;11.88447334872924
2468;-17.56137758810974;47.40688318918112;12.74683300370219
2472;-16.95285324310617;47.04910815025085;13.60144575077441
2476;-16.38773912297576;46.70263236405959;14.44842793863521
2480;-15.86101764483705;46.36716945290771;15.28789254599895
2484;-15.36846434249919;46.0424431240949;16.11994920364715
2488;-14.90649814987827;45.72818656852005;16.94470423495867
2492;-14.47206253276612;45.42414188783273;17.7622607138518
2496;-14.06253115995469;45.130059549625;18.57271853909676
2500;-13.67563282681703;44.84569787022682;19.37617452398063
2504;-13.309391414817;44.57082252473673;20.17272250032101
2508;-12.9620775986467;44.30520608397932;20.96245343582505
2512;-12.63216976090339;44.04862757813467;21.74545556378569
2516;-12.31832215750265;43.80087208682907;22.52181452409005
2520;-12.01933882468934;43.56173035550879;23.29161351449023
2524;-11.73415205988035;43.33099843794672;24.05493345105998
2528;-11.46180456854881;43.10847736474322;24.81185313672297
2532;-11.20143456767523;42.89397283768742;25.56244943670124
2536;-10.9522632880981;42.68729494983705;26.30679745968694
2540;-10.71358443482453;42.48825793115604;27.04497074350351
2544;-10.48475525458712;42.296679919518;27.77704144397109
2548;-10.26518893005024;42.11238275684278;28.50308052565465
2552;-10.05434807487281;41.93519181007724;29.2231579531323
2556;-9.851739146911804;41.76493581667175;29.93734288138676
2560;-9.656907630901879;41.60144675412302;30.64570384389304
2564;-9.46943386901274;41.44455973307529;31.34830893695519
2568;-9.288929439316005;41.29411291337458;32.04522599883244
2572;-9.115033999571038;41.14994744237033;32.73652278219082
2576;-8.947412527771966;41.01190741465286;33.42226711842485
2580;-8.785752902283242;40.87983985229909;34.10252707241765
2584;-8.629763773676542;40.75359470458468;34.77737108633641
2588;-8.479172687984667;40.63302486600112;35.44686811111465
2592;-8.333724427345468;40.51798621129684;36.11108772432797
2596;-8.193179539176764;40.40833764614615;36.77010023325484
2600;-8.057313029313173;40.30394117193456;37.42397676199965
2604;-7.925913198107554;40.20466196304113;38.07278932166582
2608;-7.798780601488218;40.1103684549014;38.71661086268728
2612;-7.675727121470697;40.02093244103703;39.35551530856022
2616;-7.556575132737392;39.93622917716809;39.98957757036597
2620;-7.441156753685282;39.85613749044867;40.6188735416325
2624;-7.329313171859861;39.78053989182116;41.24348007325302
2628;-7.220894034986261;39.70932268944637;41.86347492835551
2632;-7.115756899914136;39.64237610114844;42.47893671720111
2636;-7.013766732742014;39.57959436381553;43.08994481237661
2640;-6.914795454203625;39.5208758377135;43.69657924473793
2644;-6.818721525106245;39.46612310371001;44.29892058075022
2648;-6.72542956722412;39.41524305146409;44.89704978205945
2652;-6.634810015584787;39.3681469567135;45.49104804831475
2656;-6.54675879855337;39.32475054588644;46.08099664443741
2660;-6.46117704253111;39.28497404638132;46.66697671370103
2664;-6.377970798445654;39.24874222098707;47.24906907814611
2668;-6.29705078753133;39.21598438506621;47.82735402799819
2672;-6.218332164182181;39.18663440528136;48.40191110188648
2676;-6.14173429391374;39.16063067882526;48.97281885978095
2680;-6.067180544697014;39.13791609229536;49.54015465065665
2684;-5.994598090131086;39.11843795955361;50.10399437698168
2688;-5.923917723104442;39.10214793811136;50.66441225817957
2692;-5.855073678759934;39.08900192378834;51.22148059526256
2696;-5.788003465728045;39.07895992360707;51.77526953885262
2700;-5.722647704727819;39.07198590709213;52.32584686280771
2704;-5.658949973757743;39.06804763636224;52.87327774565514
2708;-5.596856659209432;39.06711647560396;53.41762456199329
2712;-5.536316812337755;39.06916718072884;53.95894668596959
2716;-5.477282010611919;39.07417767020775;54.49730030886462
2720;-5.419706223554143;39.08212877827305;55.03273827272314
2724;-5.363545682746771;39.09300399185824;55.56530992186064
2728;-5.308758755754948;39.10678917281889;56.09506097395135
2732;-5.255305823771607;39.1234722671393;56.62203341226278
2736;-5.203149162843981;39.14304300297822;57.14626540045148
2740;-5.152252828588033;39.16549257954331;57.66779122116395
2744;-5.102582544337242;39.19081334890456;58.18664123951606
2748;-5.054105592708172;39.21899849296423;58.70284189233049
2752;-5.006790710594932;39.25004169789423;59.21641570382017
2756;-4.960607987630116;39.28393682842275;59.72738132819596
2760;-4.915528768170574;39.32067760441739;60.23575361946904
2764;-4.871525556882904;39.36025728224658;60.74154372849506
2768;-4.828571928015974;39.40266834343149;61.24475922708816
2772;-4.786642438456661;39.44790219310042;61.74540425880229
2776;-4.745712544670524;39.49594887075031;62.24347971574849
2780;-4.705758523631015;39.54679677578162;62.73898344058448
2784;-4.666757397840357;39.60043241022477;63.23191045258096
2788;-4.628686864541381;39.65684014100109;63.72225319643999
2792;-4.591525229214223;39.71600198396871;64.21000181230895
2796;-4.555251343442865;39.77789741188771;64.69514442521428
2800;-4.519844547226705;39.84250318830507;65.17766745192122
2804;-4.485284615799973;39.90979322919755;65.65755592301329
2808;-4.451551711008031;39.97973849403686;66.13479381779312
2812;-4.418626337274436;40.05230690773593;66.6093644094136
2816;-4.386489302175683;40.1274633147167;67.08125061748363
2820;-4.355121681623281;40.2051694660936;67.55043536523235
2824;-4.324504789633794;40.28538404071441;68.01690193819014
2828;-4.294620152648142;40.36806270050944;68.48063434122297
2832;-4.265449488341221;40.45315818031717;68.94161765068048
2836;-4.2369746888423;40.54062041203566;69.39983835834951
2840;-4.209177808265812;40.63039668263518;69.8552847038797
2844;-4.182041054430798;40.72243182523503;70.30794699234811
2848;-4.155546784626464;40.81666844211144;70.75781789365924
2852;-4.129677505259937;40.91304715816757;71.20489272055265
2856;-4.104415875201884;41.01150690305956;71.64916968208934
2860;-4.079744712625559;41.11198521984219;72.09065010962989
2864;-4.055647005115014;41.21441859767313;72.52933865249389
2868;-4.032105922799868;41.31874282581241;72.96524344070518
2872;-4.00910483425618;41.42489336585933;73.39837621247213
2876;-3.986627324896562;41.53280573890295;73.82875240433646
2880;-3.964657217557638;41.64241592402142;74.2563912022347
2884;-3.943178594979564;41.75366076435854;74.68131555206274
2888;-3.922175823860119;41.86647837681982;75.10355212869662
2892;-3.901633580156967;41.98080856130431;75.52313126281477
2896;-3.881536875302776;42.09659320527939;75.94008682527877
2900;-3.861871082993429;42.21377667945341;76.35445606924193
2904;-3.842621966205763;42.33230622029131;76.76627943059547
2908;-3.823775704101036;42.45213229514849;77.17560028778625
2912;-3.805318918471971;42.57320894587875;77.58246468247934
2916;-3.78723869939609;42.69549410689745;77.9869210029571
2920;-3.769522629765411;42.81894989385506;78.38901963256659
2924;-3.752158808372559;42.94354285928095;78.78881256591468
2928;-3.735135871246162;43.06924421182137;79.18635299589255
2932;-3.718443010944301;43.19602999598571;79.58169487495334
2936;-3.702069993532338;43.32388122963894;79.9748924543856
2940;-3.686007172992734;43.45278399684862;80.3659998056102
2944;-3.67024550283709;43.58272949407709;80.75507032777608
2948;-3.654776544716028;43.71371402811861;81.14215624613132
2952;-3.639592473849935;43.84573896462413;81.52730810582077
2956;-3.624686081132185;43.97881062648852;81.91057426587948
2960;-3.610050771787514;44.11294014184126;82.29200039826985
2964;-3.595680560499529;44.24814324184188;82.6716289968528
2968;-3.581570062954232;44.38444000893995;83.04949890116715
2972;-3.567714483779644;44.52185457672845;83.42564483985112
2976;-3.554109600895341;44.66041478296685;83.800096998436
2980;-3.540751746319301;44.80015177780293;84.17288061612008
2984;-3.527637783512447;44.94109958964548;84.54401561595226
2988;-3.514765081374334;45.08329465156351;84.91351627264601
2992;-3.502131485034532;45.226775291482;85.28139092200469
2996;-3.489735283615279;45.37158118982087;85.64764171565074
3000;-3.477575175168892;45.51775280857752;86.01226442445605
3004;-3.465650229021468;45.6653307961834;86.37524829371455
3008;-3.453959845778708;45.81435537276612;86.73657595274189
3012;-3.442503715272738;45.96486570072341;87.09622338118724
3016;-3.431281772749256;46.11689924575895;87.45415993392274
3020;-3.420294153612006;46.27049113374505;87.8103484259359
3024;-3.409541147056951;46.42567350895443;88.16474527818156
3028;-3.399023148940501;46.58247489934533;88.51730072486784
3032;-3.388740614236483;46.74091959470471;88.86795908214667
3036;-3.378694009442204;46.9010270435007;89.21665907765446
3040;-3.368883765298801;47.06281127434741;89.56333423982014
3044;-3.359310230191249;47.2262803479442;89.90791334529828
3048;-3.349973624592113;47.39143584530792;90.25032092233401
3052;-3.340873996907796;47.5582723979883;90.59047780730015
3056;-3.332011181079231;47.72677726579626;90.92830175106619
3060;-3.32338475627847;47.89692996735948;91.26370807130537
3064;-3.314994009030033;48.06870196853007;91.59661034626671
3068;-3.306837898070689;48.24205643334257;91.926921144997
3072;-3.298915022244084;48.41694804181734;92.2545527884504
3076;-3.291223591705744;48.59332287843925;92.5794181354274
3080;-3.283761402693583;48.7711183946322;92.90143138678165
3084;-3.276525816093005;48.9502634479438;93.22050890091091
3088;-3.269513740001068;49.13067842003155;93.53657001314319
3092;-3.262721616465478;49.31227541482526;93.84953785129206
3096;-3.256145412544204;49.49495853748142;94.15934013938353
3100;-3.249780615801197;49.67862425395808;94.46590998135139
3104;-3.24362223431978;49.86316183017704;94.76918661638403
3108;-3.237664801281959;50.04845384886745;95.06911613756567
3112;-3.231902384126222;50.23437680128927;95.36565216553016
3116;-3.22632859826045;50.42080175011466;95.65875646900098
3120;-3.220936625269424;50.60759505883579;95.94839952436526
3124;-3.215719235518686;50.79461918216266;96.23456100681003
3128;-3.210668815019029;50.98173351100938;96.51723020603309
3132;-3.205777396377436;51.16879526482208;96.79640636013707
3136;-3.201036693622573;51.35566042322944;97.07209890201764
3140;-3.196438140655929;51.54218468828951;97.34432761335408
3144;-3.191972933042986;51.72822446797689;97.61312268220202
3148;-3.187632072823279;51.913637871026;97.87852466117165
3152;-3.183406415984979;52.09828570282416;98.14058432420725
3156;-3.179286722216979;52.28203245174269;98.39936242110798
3160;-3.175263706522771;52.46474725512151;98.65492933006306
3164;-3.171328092252851;52.64630483407068;98.9073646096608
3168;-3.167470665088469;52.82658638634462;99.15675645302397
3172;-3.163682327490282;53.005480426783;99.40320104789187
3176;-3.159954153107484;53.18288356516202;99.64680184764688
3180;-3.156277440632004;53.35870121181282;99.88766875938512
3184;-3.152643766574263;53.53284820199168;100.125917256202
3188;-3.149045036433392;53.70524933071572;100.3616674218489
3192;-3.145473533738363;53.87583979065827;100.5950429368112
3196;-3.141921966442717;54.04456550663392;100.8261700156685
3200;-3.138383510168956;54.21138336124558;101.055176306284
3204;-3.134851847816756;54.37626130736849;101.2821897619409
3208;-3.131321205072986;54.53917836431849;101.507337498005
3212;-3.127786381390632;54.70012449573216;101.7307446449928
3216;-3.124242776037262;54.85910036842041;101.9525332101467
3220;-3.120686408854069;55.0161169926867;102.1728209596548
3224;-3.117113935409377;55.17119524581725;102.3917203336054
3228;-3.113522656278683;55.32436528166141;102.6093374055904
3232;-3.109910520236224;55.47566583039673;102.8257708985475
3236;-3.10627612119628;55.62514339368836;103.0411112680587
3240;-3.102618688803052;55.77285134156235;103.255439863772
3244;-3.098938072625148;55.91884891830389;103.4688281790531
3248;-3.095234719974969;56.06320016568154;103.6813371982446
3252;-3.091509647433908;56.20597277267184;103.8930168501761
3256;-3.087764406227686;56.34723686168746;104.1039055757159
3260;-3.084001041658392;56.48706372206141;104.314030016257
3264;-3.080222046860612;56.62552450221305;104.5234048290818
3268;-3.076430311208633;56.76268887251967;104.7320326345301
3272;-3.072629063758278;56.89862367143786;104.9399040988524
3276;-3.06882181216131;57.03339154786068;105.1469981555175
3280;-3.065012277541763;57.16704961307848;105.3532823666029
3284;-3.061204325868476;57.29964811595207;105.5587134247209
3288;-3.057401896403073;57.43122915515944;105.7632377947038
3292;-3.053608927839118;57.56182544244164;105.966792493017
3296;-3.049829282781719;57.69145913080612;106.1693060015764
3300;-3.046066671245159;57.82014072155216;106.3706993113208
3304;-3.042324573868563;57.94786806378945;106.5708870895417
3308;-3.038606165567491;58.0746254598059;106.7697789635914
3312;-3.034914240350004;58.20038288917728;106.9672809122074
3316;-3.031251138033472;58.32509536397374;107.1632967543017
3320;-3.027618673597639;58.44870242663636;107.3577297236523
3324;-3.024018069904895;58.57112780126051;107.5504841166045
3328;-3.020449894508381;58.69227920794734;107.7414669985135
3332;-3.016914001250776;58.81204834868437;107.9305899534473
3336;-3.013409477335999;58.93031107181697;108.1177708604221
3340;-3.009934596526972;59.04692772062222;108.3029356784064
3344;-3.006486779089755;59.16174366975653;108.4860202213539
3348;-3.003062559065199;59.27459005147444;108.6669719037432
3352;-2.999657559403474;59.38528467145614;108.8457514365089
3356;-2.996266475447444;59.49363311193189;109.0223344528458
3360;-2.992883067193405;59.5994300175109;109.196713043249
3364;-2.989500160696561;59.70246055676779;109.3688971792512
3368;-2.986109658920388;59.80250205024384;109.5389160057458
3372;-2.982702562256368;59.89932575311731;109.706818982484
3376;-2.979268998861659;59.99269877843243;109.8726768563676
3380;-2.975798264879447;60.08238614448403;110.0365824474782
3384;-2.972278874517514;60.16815292779379;110.1986512334426
3388;-2.968698619868114;60.24976650114472;110.3590217186925
3392;-2.965044640255885;60.32699883434298;110.5178555773616
3396;-2.961303500800209;60.39962883392479;110.675337561091
3400;-2.957461279775989;60.46744469678401;110.8316751656682
3404;-2.953503664253648;60.53024625187746;110.9870980532963
3408;-2.94941605339369;60.58784726366699;111.1418572302999
3412;-2.945183668668331;60.64007767084541;111.2962239830928
3416;-2.940791670180414;60.68678573421547;111.4504885783407
3420;-2.936225278152266;60.7278400682762;111.6049587362436
3424;-2.931469898563244;60.76313153215101;111.7599578887916
3428;-2.926511251828253;60.79257495695597;111.915823237599
3432;-2.921335503331917;60.81611068850923;112.0729036284396
3436;-2.915929394562786;60.83370592635561;112.2315572618998
3440;-2.910280373538305;60.84535584248664;112.3921492614806
3444;-2.904376723162953;60.85108446564141;112.5550491221699
3448;-2.898207686137175;60.8509453198326;112.7206280636878
3452;-2.891763585018032;60.84502180852705;112.889256313557
3456;-2.88503593603759;60.8334273387548;113.0613003456185
3460;-2.878017555304515;60.8163051822205;113.2371200997868
3464;-2.870702656054953;60.79382807323923;113.4170662085958
3468;-2.863086935673841;60.76619754589287;113.6014772555957
3472;-2.855167651285532;60.7336430152625;113.7906770898053
3476;-2.846943682802527;60.69642060976106;113.9849722193967
3480;-2.838415582433871;60.65481176363085;114.1846493064857
3484;-2.8295856097753;60.60912158031808;114.3899727835395
3488;-2.820457751745918;60.5596769789812;114.6011826103479
3492;-2.811037726783278;60.50682463753081;114.8184921889833
3496;-2.80133297287112;60.45092874660298;115.0420864525825
3500;-2.791352619139618;60.39236858954376;115.2721201422705
